iter	MultiClass
0	4.726921414
1	4.568409301
2	4.409949387
3	4.258809997
4	4.102114137
5	3.954844174
6	3.838532533
7	3.688347517
8	3.537790161
9	3.389712859
10	3.24029704
11	3.097081455
12	2.959906378
13	2.827312582
